6515,,,,
7396,,,,
18301,,,,
18346,,,,
18431,,,,
18575,,,,
18613,,,,
18680,,,,
18690,,,,
18751,,,,
18775,,,,
18782,,,,
19107,,,,
19112,,,,
19157,,,,
19172,,,,
19195,,,,
19297,,,,
19331,,,,
19507,,,,
19807,,,,
19977,,,,
20086,,,,
20450,,,,
20871,,,,
20914,,,,
31286,,,,
31328,,,,
31452,,,,
31614,,,,
31774,,,,
31805,,,,
32009,,,,
32060,,,,
32278,,,,
32308,,,,
32479,,,,
32752,,,,
32859,,,,
32995,,,,
32998,,,,
33099,,,,
33101,,,,
33119,,,,
33121,,,,
33123,,,,
33355,,,,
34091,,,,
34204,,,,
34577,,,,
34661,,,,
34662,,,,
45428,,,,
45437,,,,
45946,,,,
45970,,,,
46022,,,,
46513,,,,
46608,,,,
46964,,,,
47000,,,,
47067,,,,
47136,,,,
47328,,,,
47376,,,,
47428,,,,
47558,,,,
47576,,,,
47589,,,,
47621,,,,
47675,,,,
47730,,,,
47895,,,,
48012,,,,
48100,,,,
48367,,,,
48585,,,,
48849,,,,
49295,,,,
49332,,,,
49348,,,,
49530,,,,
49743,,,,
49989,,,,
50042,,,,
50043,,,,
50044,,,,
50190,,,,
50364,,,,
50448,,,,
50629,,,,
50644,,,,
50673,,,,
50674,,,,
50675,,,,
50676,,,,
50677,,,,
50812,,,,
50814,,,,
50830,,,,
50841,,,,
51007,,,,
51254,,,,
51293,,,,
51316,,,,
51345,,,,
51386,,,,
51394,,,,
51416,,,,
51419,,,,
51456,,,,
51473,,,,
51495,,,,
51515,,,,
51517,,,,
51527,,,,
51532,,,,
51539,,,,
51542,,,,
51551,,,,
51552,,,,
51675,,,,
51677,,,,
51679,,,,
51703,,,,
51705,,,,
51852,,,,
51859,,,,
51881,,,,
51910,,,,
51934,,,,
51962,,,,
51974,,,,
51982,,,,
52007,,,,
52046,,,,
52088,,,,
52098,,,,
52167,,,,
52202,,,,
52210,,,,
52263,,,,
52273,,,,
52366,,,,
52399,,,,
52434,,,,
52441,,,,
52452,,,,
52464,,,,
52484,,,,
52486,,,,
52490,,,,
52492,,,,
52520,,,,
52535,,,,
52566,,,,
52571,,,,
52610,,,,
52612,,,,
52630,,,,
52637,,,,
52639,,,,
52742,,,,
52747,,,,
52791,,,,
52857,,,,
52957,,,,
52977,,,,
53032,,,,
53176,,,,
53199,,,,
53257,,,,
53269,,,,
53290,,,,
53363,,,,
53428,,,,
53534,,,,
53906,,,,
53956,,,,
54006,,,,
54012,,,,
54015,,,,
54146,,,,
54237,,,,
54664,,,,
54854,,,,
54913,,,,
54989,,,,
55686,,,,
55688,,,,
55789,,,,
55795,,,,
55893,,,,
55912,,,,
56313,,,,
56419,,,,
56485,,,,
56560,,,,
56602,,,,
56657,,,,
56740,,,,